county Name,Date,AQI,Defining Parameter
Alachua,01/03,35,PM2.5
Alachua,01/08,52,PM2.5
Alachua,01/09,48,PM2.5
Alachua,01/11,38,PM2.5
Alachua,01/12,37,PM2.5
Alachua,01/13,38,PM2.5
Alachua,01/21,40,PM2.5
Alachua,01/23,54,PM2.5
Alachua,01/27,35,PM2.5
Alachua,01/28,52,PM2.5
Alachua,01/29,53,PM2.5
Alachua,01/31,39,PM2.5
Alachua,02/01,33,PM2.5
Alachua,02/06,43,PM2.5
Alachua,02/12,31,PM2.5
Alachua,02/13,36,PM2.5
Alachua,02/17,27,PM2.5
Alachua,02/19,28,PM2.5
Alachua,02/20,39,PM2.5
Alachua,03/03,38,PM2.5
Alachua,03/04,44,PM2.5
Alachua,03/05,44,PM2.5
Alachua,03/12,62,PM2.5
Alachua,03/15,53,PM2.5
Alachua,03/16,42,PM2.5
Alachua,03/22,33,PM2.5
Alachua,03/23,41,PM2.5
Alachua,03/25,34,PM2.5
Alachua,03/26,56,PM2.5
Alachua,03/27,50,PM2.5
Alachua,03/28,49,PM2.5
Alachua,03/30,39,PM2.5
Alachua,03/31,39,PM2.5
Alachua,04/05,67,PM2.5
Alachua,04/08,34,PM2.5
Alachua,04/09,52,PM2.5
Alachua,04/12,51,PM2.5
Alachua,04/13,71,PM2.5
Alachua,04/14,59,PM2.5
Alachua,04/15,48,PM2.5
Alachua,04/16,31,PM2.5
Alachua,04/18,31,PM2.5
Alachua,04/19,38,PM2.5
Alachua,04/25,37,PM2.5
Alachua,04/26,37,PM2.5
Alachua,05/28,36,PM2.5
Alachua,05/30,30,PM2.5
Alachua,06/06,20,PM2.5
Alachua,06/07,22,PM2.5
Alachua,06/08,33,PM2.5
Alachua,06/09,38,PM2.5
Alachua,06/11,30,PM2.5
Alachua,06/23,22,PM2.5
Alachua,06/24,29,PM2.5
Alachua,06/25,53,PM2.5
Alachua,06/26,105,PM2.5
Alachua,06/27,60,PM2.5
Alachua,06/28,53,PM2.5
Alachua,06/29,33,PM2.5
Alachua,06/30,40,PM2.5
Alachua,07/01,33,PM2.5
Alachua,07/02,50,PM2.5
Alachua,07/03,43,PM2.5
Baker,03/04,48,PM2.5
Baker,03/05,39,PM2.5
Baker,03/10,43,PM2.5
Baker,03/14,54,PM2.5
Baker,03/15,58,PM2.5
Baker,03/16,52,PM2.5
Baker,03/17,35,PM2.5
Baker,03/21,32,PM2.5
Baker,03/22,43,PM2.5
Baker,03/23,35,PM2.5
Baker,03/25,42,PM2.5
Baker,03/26,44,PM2.5
Baker,03/27,48,PM2.5
Baker,03/28,50,PM2.5
Baker,03/29,39,PM2.5
Baker,03/30,43,PM2.5
Baker,04/04,64,PM2.5
Baker,04/05,56,PM2.5
Baker,04/08,40,PM2.5
Baker,04/09,56,PM2.5
Baker,04/12,56,PM2.5
Baker,04/13,67,PM2.5
Baker,04/14,52,PM2.5
Baker,04/15,34,PM2.5
Baker,04/18,30,PM2.5
Baker,04/19,35,PM2.5
Baker,04/25,45,PM2.5
Baker,06/02,43,PM2.5
Baker,06/05,30,PM2.5
Baker,06/06,28,PM2.5
Baker,06/07,23,PM2.5
Baker,06/08,44,PM2.5
Baker,06/09,34,PM2.5
Baker,06/10,37,PM2.5
Baker,06/11,40,PM2.5
Baker,06/17,34,PM2.5
Baker,06/22,29,PM2.5
Baker,06/24,37,PM2.5
Baker,06/25,78,PM2.5
Baker,06/26,140,PM2.5
Baker,06/27,116,PM2.5
Baker,06/28,60,PM2.5
Baker,06/29,40,PM2.5
Baker,06/30,42,PM2.5
Baker,07/01,38,PM2.5
Baker,07/02,55,PM2.5
Baker,07/03,40,PM2.5
Bay,01/03,56,PM2.5
Bay,02/05,38,PM2.5
Bay,02/06,50,PM2.5
Bay,02/09,55,PM2.5
Bay,02/13,29,PM2.5
Bay,02/16,34,PM2.5
Bay,02/17,34,PM2.5
Bay,02/18,30,PM2.5
Bay,02/23,52,PM2.5
Bay,02/28,131,PM2.5
Bay,03/03,52,PM2.5
Bay,03/04,47,PM2.5
Bay,03/08,61,PM2.5
Bay,03/09,39,PM2.5
Bay,03/10,48,PM2.5
Bay,03/17,43,PM2.5
Bay,03/18,34,PM2.5
Bay,03/21,29,PM2.5
Bay,03/22,36,PM2.5
Bay,03/25,50,PM2.5
Bay,03/26,49,PM2.5
Bay,03/27,40,PM2.5
Bay,03/28,44,PM2.5
Bay,03/29,52,PM2.5
Bay,03/31,52,PM2.5
Bay,04/04,57,PM2.5
Bay,04/05,54,PM2.5
Bay,04/08,40,PM2.5
Bay,04/09,59,PM2.5
Bay,04/12,68,PM2.5
Bay,04/13,71,PM2.5
Bay,04/14,44,PM2.5
Bay,04/15,51,PM2.5
Bay,04/19,49,PM2.5
Bay,04/23,50,PM2.5
Bay,04/25,47,PM2.5
Bay,05/16,35,PM2.5
Bay,05/19,28,PM2.5
Bay,05/22,59,PM2.5
Bay,05/23,54,PM2.5
Bay,05/24,34,PM2.5
Bay,05/26,28,PM2.5
Bay,05/27,25,PM2.5
Bay,05/29,38,PM2.5
Bay,06/01,49,PM2.5
Bay,06/06,20,PM2.5
Bay,06/07,45,PM2.5
Bay,06/08,62,PM2.5
Bay,06/09,48,PM2.5
Bay,06/10,41,PM2.5
Bay,06/16,43,PM2.5
Bay,06/24,50,PM2.5
Bay,06/25,48,PM2.5
Bay,06/26,79,PM2.5
Bay,06/27,146,PM2.5
Bay,06/28,76,PM2.5
Bay,06/29,54,PM2.5
Bay,06/30,49,PM2.5
Bay,07/01,53,PM2.5
Bay,07/02,56,PM2.5
Bay,07/03,59,PM2.5
Brevard,01/01,52,PM2.5
Brevard,01/03,34,PM2.5
Brevard,01/10,50,PM2.5
Brevard,01/11,56,PM2.5
Brevard,01/12,55,PM2.5
Brevard,01/13,48,PM2.5
Brevard,01/14,39,PM2.5
Brevard,01/19,40,PM2.5
Brevard,01/22,40,PM2.5
Brevard,01/30,45,PM2.5
Brevard,01/31,38,PM2.5
Brevard,02/01,33,PM2.5
Brevard,02/06,41,PM2.5
Brevard,02/11,37,PM2.5
Brevard,02/12,40,PM2.5
Brevard,02/13,54,PM2.5
Brevard,02/14,47,PM2.5
Brevard,02/20,36,PM2.5
Brevard,03/03,50,PM2.5
Brevard,03/04,67,PM2.5
Brevard,03/10,41,PM2.5
Brevard,03/25,39,PM2.5
Brevard,03/26,53,PM2.5
Brevard,03/27,49,PM2.5
Brevard,03/28,49,PM2.5
Brevard,03/31,41,PM2.5
Brevard,04/05,54,PM2.5
Brevard,04/09,52,PM2.5
Brevard,04/10,54,PM2.5
Brevard,04/12,55,PM2.5
Brevard,04/13,69,PM2.5
Brevard,04/14,62,PM2.5
Brevard,04/15,61,PM2.5
Brevard,04/20,44,PM2.5
Brevard,04/26,56,PM2.5
Brevard,05/06,45,PM2.5
Brevard,05/21,43,PM2.5
Brevard,05/23,28,PM2.5
Brevard,05/24,30,PM2.5
Brevard,05/27,38,PM2.5
Brevard,05/28,39,PM2.5
Brevard,05/30,36,PM2.5
Brevard,06/06,42,PM2.5
Brevard,06/07,46,PM2.5
Brevard,06/08,43,PM2.5
Brevard,06/09,34,PM2.5
Brevard,06/10,27,PM2.5
Brevard,06/25,43,PM2.5
Brevard,06/30,56,PM2.5
Brevard,07/01,44,PM2.5
Brevard,07/02,38,PM2.5
Brevard,07/03,48,PM2.5
Broward,01/01,68,PM2.5
Broward,01/02,52,PM2.5
Broward,01/03,35,PM2.5
Broward,01/10,52,PM2.5
Broward,01/11,54,PM2.5
Broward,01/12,54,PM2.5
Broward,01/13,41,PM2.5
Broward,01/14,43,PM2.5
Broward,01/16,46,PM2.5
Broward,01/22,45,PM2.5
Broward,01/24,39,PM2.5
Broward,01/25,41,PM2.5
Broward,01/28,51,PM2.5
Broward,01/29,46,PM2.5
Broward,01/31,52,PM2.5
Broward,02/02,37,PM2.5
Broward,02/03,49,PM2.5
Broward,02/04,59,PM2.5
Broward,02/05,46,PM2.5
Broward,02/06,52,PM2.5
Broward,02/07,44,PM2.5
Broward,02/10,42,PM2.5
Broward,02/11,42,PM2.5
Broward,02/12,48,PM2.5
Broward,02/13,61,PM2.5
Broward,02/14,58,PM2.5
Broward,02/17,39,PM2.5
Broward,02/18,31,PM2.5
Broward,02/19,31,PM2.5
Broward,02/20,37,PM2.5
Broward,02/25,43,PM2.5
Broward,03/03,52,PM2.5
Broward,03/04,51,PM2.5
Broward,03/05,54,PM2.5
Broward,03/09,48,PM2.5
Broward,03/10,45,PM2.5
Broward,03/25,41,PM2.5
Broward,03/26,53,PM2.5
Broward,03/27,53,PM2.5
Broward,03/29,32,PM2.5
Broward,03/31,31,PM2.5
Broward,04/09,41,PM2.5
Broward,04/10,59,PM2.5
Broward,04/12,59,PM2.5
Broward,04/13,66,PM2.5
Broward,04/14,55,PM2.5
Broward,04/15,63,PM2.5
Broward,04/16,58,PM2.5
Broward,04/17,50,PM2.5
Broward,04/18,43,PM2.5
Broward,04/19,37,PM2.5
Broward,04/20,40,PM2.5
Broward,04/26,44,PM2.5
Broward,05/10,55,PM2.5
Broward,05/15,37,PM2.5
Broward,05/18,45,PM2.5
Broward,05/19,43,PM2.5
Broward,05/20,52,PM2.5
Broward,05/21,53,PM2.5
Broward,05/23,29,PM2.5
Broward,05/24,30,PM2.5
Broward,05/25,38,PM2.5
Broward,05/26,39,PM2.5
Broward,05/27,51,PM2.5
Broward,05/28,40,PM2.5
Broward,05/29,30,PM2.5
Broward,05/30,40,PM2.5
Broward,06/03,36,PM2.5
Broward,06/04,36,PM2.5
Broward,06/05,44,PM2.5
Broward,06/06,47,PM2.5
Broward,06/07,52,PM2.5
Broward,06/08,44,PM2.5
Broward,06/09,33,PM2.5
Broward,06/10,43,PM2.5
Broward,06/12,41,PM2.5
Broward,06/13,59,PM2.5
Broward,06/19,30,PM2.5
Broward,06/20,30,PM2.5
Broward,06/22,28,PM2.5
Broward,06/23,42,PM2.5
Broward,06/24,51,PM2.5
Broward,06/25,52,PM2.5
Broward,06/26,30,PM2.5
Broward,06/27,35,PM2.5
Broward,06/28,40,PM2.5
Broward,06/29,54,PM2.5
Broward,06/30,56,PM2.5
Broward,07/01,55,PM2.5
Broward,07/02,53,PM2.5
Broward,07/03,45,PM2.5
Citrus,01/01,45,PM2.5
Citrus,01/02,41,PM2.5
Citrus,01/03,40,PM2.5
Citrus,01/04,28,PM2.5
Citrus,01/05,15,PM2.5
Citrus,01/06,48,PM2.5
Citrus,01/07,43,PM2.5
Citrus,01/08,42,PM2.5
Citrus,01/09,41,PM2.5
Citrus,01/10,35,PM2.5
Citrus,01/11,40,PM2.5
Citrus,01/12,39,PM2.5
Citrus,01/13,37,PM2.5
Citrus,01/14,36,PM2.5
Citrus,01/15,34,PM2.5
Citrus,01/16,26,PM2.5
Citrus,01/17,31,PM2.5
Citrus,01/18,31,PM2.5
Citrus,01/19,29,PM2.5
Citrus,01/20,20,PM2.5
Citrus,01/21,33,PM2.5
Citrus,01/22,125,PM2.5
Citrus,01/23,53,PM2.5
Citrus,01/24,24,PM2.5
Citrus,01/25,17,PM2.5
Citrus,01/26,26,PM2.5
Citrus,01/27,33,PM2.5
Citrus,01/28,31,PM2.5
Citrus,01/29,44,PM2.5
Citrus,01/30,40,PM2.5
Citrus,01/31,40,PM2.5
Citrus,02/01,30,PM2.5
Citrus,02/02,20,PM2.5
Citrus,02/03,26,PM2.5
Citrus,02/05,40,PM2.5
Citrus,02/06,38,PM2.5
Citrus,02/07,27,PM2.5
Citrus,02/08,23,PM2.5
Citrus,02/09,38,PM2.5
Citrus,02/10,29,PM2.5
Citrus,02/11,31,PM2.5
Citrus,02/12,25,PM2.5
Citrus,02/13,43,PM2.5
Citrus,02/14,18,PM2.5
Citrus,02/15,24,PM2.5
Citrus,02/16,27,PM2.5
Citrus,02/17,30,PM2.5
Citrus,02/18,30,PM2.5
Citrus,02/19,29,PM2.5
Citrus,02/20,36,PM2.5
Citrus,02/21,17,PM2.5
Citrus,02/22,32,PM2.5
Citrus,02/23,26,PM2.5
Citrus,02/24,27,PM2.5
Citrus,02/25,29,PM2.5
Citrus,02/26,22,PM2.5
Citrus,02/27,19,PM2.5
Citrus,02/28,32,PM2.5
Citrus,02/29,28,PM2.5
Citrus,03/01,53,PM2.5
Citrus,03/02,52,PM2.5
Citrus,03/03,44,PM2.5
Citrus,03/04,61,PM2.5
Citrus,03/05,47,PM2.5
Citrus,03/06,12,PM2.5
Citrus,03/07,28,PM2.5
Citrus,03/08,34,PM2.5
Citrus,03/09,24,PM2.5
Citrus,03/10,28,PM2.5
Citrus,03/11,37,PM2.5
Citrus,03/12,28,PM2.5
Citrus,03/13,35,PM2.5
Citrus,03/14,32,PM2.5
Citrus,03/15,37,PM2.5
Citrus,03/16,43,PM2.5
Citrus,03/17,31,PM2.5
Citrus,03/18,37,PM2.5
Citrus,03/19,35,PM2.5
Citrus,03/20,30,PM2.5
Citrus,03/21,24,PM2.5
Citrus,03/22,29,PM2.5
Citrus,03/23,30,PM2.5
Citrus,03/24,26,PM2.5
Citrus,03/25,36,PM2.5
Citrus,03/26,54,PM2.5
Citrus,03/28,54,PM2.5
Citrus,04/01,18,PM2.5
Citrus,04/02,35,PM2.5
Citrus,04/03,50,PM2.5
Citrus,04/04,64,PM2.5
Citrus,04/05,58,PM2.5
Citrus,04/06,45,PM2.5
Citrus,04/07,32,PM2.5
Citrus,04/08,31,PM2.5
Citrus,04/09,53,PM2.5
Citrus,04/10,44,PM2.5
Citrus,04/11,38,PM2.5
Citrus,04/12,65,PM2.5
Citrus,04/13,83,PM2.5
Citrus,04/14,72,PM2.5
Citrus,04/15,55,PM2.5
Citrus,04/16,33,PM2.5
Citrus,04/17,43,PM2.5
Citrus,04/18,35,PM2.5
Citrus,04/19,41,PM2.5
Citrus,04/20,48,PM2.5
Citrus,04/21,35,PM2.5
Citrus,04/22,37,PM2.5
Citrus,04/23,54,PM2.5
Citrus,04/24,42,PM2.5
Citrus,04/25,47,PM2.5
Citrus,04/26,42,PM2.5
Citrus,04/27,26,PM2.5
Citrus,04/28,35,PM2.5
Citrus,04/29,36,PM2.5
Citrus,05/01,31,PM2.5
Citrus,05/02,50,PM2.5
Citrus,05/03,48,PM2.5
Citrus,05/04,43,PM2.5
Citrus,05/05,33,PM2.5
Citrus,05/06,57,PM2.5
Citrus,05/07,25,PM2.5
Citrus,05/08,33,PM2.5
Citrus,05/09,26,PM2.5
Citrus,05/10,25,PM2.5
Citrus,05/11,31,PM2.5
Citrus,05/12,34,PM2.5
Citrus,05/13,34,PM2.5
Citrus,05/14,28,PM2.5
Citrus,05/15,31,PM2.5
Citrus,05/16,27,PM2.5
Citrus,05/17,27,PM2.5
Citrus,05/18,23,PM2.5
Citrus,05/21,33,PM2.5
Citrus,05/22,38,PM2.5
Citrus,05/23,35,PM2.5
Citrus,05/24,30,PM2.5
Citrus,05/25,23,PM2.5
Citrus,05/26,28,PM2.5
Citrus,05/27,23,PM2.5
Citrus,05/28,47,PM2.5
Citrus,05/29,36,PM2.5
Citrus,05/30,39,PM2.5
Citrus,05/31,39,PM2.5
Citrus,06/01,39,PM2.5
Citrus,06/02,28,PM2.5
Citrus,06/03,38,PM2.5
Citrus,06/04,52,PM2.5
Citrus,06/05,30,PM2.5
Citrus,06/06,19,PM2.5
Citrus,06/07,34,PM2.5
Citrus,06/08,46,PM2.5
Citrus,06/09,38,PM2.5
Citrus,06/10,37,PM2.5
Citrus,06/11,32,PM2.5
Citrus,06/12,25,PM2.5
Citrus,06/13,25,PM2.5
Citrus,06/14,24,PM2.5
Citrus,06/15,26,PM2.5
Citrus,06/16,33,PM2.5
Citrus,06/17,32,PM2.5
Citrus,06/18,38,PM2.5
Citrus,06/19,27,PM2.5
Citrus,06/20,30,PM2.5
Citrus,06/21,32,PM2.5
Citrus,06/22,28,PM2.5
Citrus,06/23,25,PM2.5
Citrus,06/24,38,PM2.5
Citrus,06/25,35,PM2.5
Citrus,06/26,71,PM2.5
Citrus,06/27,68,PM2.5
Citrus,06/28,67,PM2.5
Citrus,06/29,45,PM2.5
Citrus,06/30,52,PM2.5
Citrus,07/01,40,PM2.5
Citrus,07/02,53,PM2.5
Citrus,07/03,54,PM2.5
Collier,01/01,42,PM2.5
Collier,01/03,29,PM2.5
Collier,01/10,37,PM2.5
Collier,01/11,45,PM2.5
Collier,01/12,37,PM2.5
Collier,01/13,34,PM2.5
Collier,01/14,38,PM2.5
Collier,01/17,42,PM2.5
Collier,01/21,37,PM2.5
Collier,01/23,41,PM2.5
Collier,01/31,39,PM2.5
Collier,02/01,32,PM2.5
Collier,02/06,41,PM2.5
Collier,02/11,26,PM2.5
Collier,02/12,29,PM2.5
Collier,02/13,56,PM2.5
Collier,02/14,52,PM2.5
Collier,02/17,31,PM2.5
Collier,02/18,30,PM2.5
Collier,02/19,30,PM2.5
Collier,02/20,27,PM2.5
Collier,02/26,42,PM2.5
Collier,03/03,48,PM2.5
Collier,03/04,33,PM2.5
Collier,03/05,38,PM2.5
Collier,03/17,38,PM2.5
Collier,03/25,35,PM2.5
Collier,03/26,51,PM2.5
Collier,03/27,51,PM2.5
Collier,03/29,30,PM2.5
Collier,03/31,36,PM2.5
Collier,04/10,63,PM2.5
Collier,04/11,54,PM2.5
Collier,04/12,67,PM2.5
Collier,04/13,71,PM2.5
Collier,04/14,69,PM2.5
Collier,04/15,66,PM2.5
Collier,04/16,45,PM2.5
Collier,04/17,38,PM2.5
Collier,04/18,45,PM2.5
Collier,04/19,44,PM2.5
Collier,04/20,49,PM2.5
Collier,04/25,51,PM2.5
Collier,04/26,52,PM2.5
Collier,05/10,45,PM2.5
Collier,05/17,32,PM2.5
Collier,05/18,56,PM2.5
Collier,05/19,39,PM2.5
Collier,05/20,40,PM2.5
Collier,05/21,55,PM2.5
Collier,05/22,37,PM2.5
Collier,05/26,34,PM2.5
Collier,05/27,60,PM2.5
Collier,05/28,52,PM2.5
Collier,05/29,28,PM2.5
Collier,05/30,29,PM2.5
Collier,05/31,36,PM2.5
Collier,06/01,34,PM2.5
Collier,06/03,25,PM2.5
Collier,06/04,27,PM2.5
Collier,06/05,27,PM2.5
Collier,06/06,38,PM2.5
Collier,06/07,38,PM2.5
Collier,06/08,46,PM2.5
Collier,06/09,41,PM2.5
Collier,06/10,33,PM2.5
Collier,06/11,32,PM2.5
Collier,06/13,41,PM2.5
Collier,06/16,30,PM2.5
Collier,06/19,22,PM2.5
Collier,06/20,25,PM2.5
Collier,06/21,24,PM2.5
Collier,06/22,22,PM2.5
Collier,06/23,32,PM2.5
Collier,06/24,41,PM2.5
Collier,06/25,54,PM2.5
Collier,06/26,37,PM2.5
Collier,06/27,36,PM2.5
Collier,06/28,60,PM2.5
Collier,06/29,58,PM2.5
Collier,06/30,62,PM2.5
Collier,07/01,64,PM2.5
Collier,07/02,62,PM2.5
Collier,07/03,58,PM2.5
Columbia,01/01,60,PM2.5
Columbia,01/02,50,PM2.5
Columbia,01/03,48,PM2.5
Columbia,01/05,36,PM2.5
Columbia,01/06,41,PM2.5
Columbia,01/07,42,PM2.5
Columbia,01/08,52,PM2.5
Columbia,01/09,41,PM2.5
Columbia,01/11,33,PM2.5
Columbia,01/12,47,PM2.5
Columbia,01/13,55,PM2.5
Columbia,01/14,38,PM2.5
Columbia,01/15,32,PM2.5
Columbia,01/16,30,PM2.5
Columbia,01/22,45,PM2.5
Columbia,01/23,60,PM2.5
Columbia,01/26,36,PM2.5
Columbia,01/27,41,PM2.5
Columbia,01/28,44,PM2.5
Columbia,01/29,54,PM2.5
Columbia,01/31,36,PM2.5
Columbia,02/05,39,PM2.5
Columbia,02/06,40,PM2.5
Columbia,02/08,100,PM2.5
Columbia,02/10,43,PM2.5
Columbia,02/11,31,PM2.5
Columbia,02/13,35,PM2.5
Columbia,02/14,30,PM2.5
Columbia,02/17,28,PM2.5
Columbia,02/18,35,PM2.5
Columbia,02/19,28,PM2.5
Columbia,02/20,30,PM2.5
Columbia,02/29,51,PM2.5
Columbia,03/01,57,PM2.5
Columbia,03/04,45,PM2.5
Columbia,03/05,40,PM2.5
Columbia,03/07,55,PM2.5
Columbia,03/10,53,PM2.5
Columbia,03/13,37,PM2.5
Columbia,03/14,57,PM2.5
Columbia,03/15,60,PM2.5
Columbia,03/16,51,PM2.5
Columbia,03/17,38,PM2.5
Columbia,03/21,30,PM2.5
Columbia,03/22,39,PM2.5
Columbia,05/22,49,PM2.5
Columbia,05/24,32,PM2.5
Columbia,05/25,29,PM2.5
Columbia,05/26,24,PM2.5
Columbia,05/27,32,PM2.5
Columbia,05/28,37,PM2.5
Columbia,05/29,41,PM2.5
Columbia,05/30,43,PM2.5
Columbia,05/31,43,PM2.5
Columbia,06/01,45,PM2.5
Columbia,06/03,37,PM2.5
Columbia,06/05,27,PM2.5
Columbia,06/06,24,PM2.5
Columbia,06/08,52,PM2.5
Columbia,06/10,53,PM2.5
Columbia,06/21,43,PM2.5
Columbia,06/22,35,PM2.5
Columbia,06/23,30,PM2.5
Columbia,06/24,48,PM2.5
Columbia,06/25,102,PM2.5
Columbia,06/26,158,PM2.5
Columbia,06/27,155,PM2.5
Columbia,06/28,74,PM2.5
Columbia,06/29,52,PM2.5
Columbia,06/30,53,PM2.5
Columbia,07/01,48,PM2.5
Columbia,07/02,63,PM2.5
Columbia,07/03,50,PM2.5
Duval,01/01,53,PM2.5
Duval,01/02,43,PM2.5
Duval,01/03,52,PM2.5
Duval,01/06,65,PM2.5
Duval,01/07,41,PM2.5
Duval,01/08,55,PM2.5
Duval,01/09,49,PM2.5
Duval,01/10,41,PM2.5
Duval,01/11,49,PM2.5
Duval,01/12,43,PM2.5
Duval,01/13,41,PM2.5
Duval,01/14,37,PM2.5
Duval,01/15,48,PM2.5
Duval,01/16,38,PM2.5
Duval,01/23,55,PM2.5
Duval,01/24,39,PM2.5
Duval,01/26,44,PM2.5
Duval,01/27,39,PM2.5
Duval,01/28,43,PM2.5
Duval,01/29,56,PM2.5
Duval,01/31,51,PM2.5
Duval,02/01,33,PM2.5
Duval,02/04,52,PM2.5
Duval,02/05,52,PM2.5
Duval,02/06,50,PM2.5
Duval,02/09,48,PM2.5
Duval,02/10,42,PM2.5
Duval,02/11,58,PM2.5
Duval,02/12,40,PM2.5
Duval,02/13,49,PM2.5
Duval,02/17,35,PM2.5
Duval,02/18,42,PM2.5
Duval,02/19,49,PM2.5
Duval,02/20,51,PM2.5
Duval,02/25,36,PM2.5
Duval,02/29,48,PM2.5
Duval,03/01,61,PM2.5
Duval,03/02,47,PM2.5
Duval,03/03,48,PM2.5
Duval,03/04,59,PM2.5
Duval,03/05,44,PM2.5
Duval,03/10,45,PM2.5
Duval,03/11,49,PM2.5
Duval,03/12,52,PM2.5
Duval,03/13,48,PM2.5
Duval,03/14,56,PM2.5
Duval,03/15,55,PM2.5
Duval,03/16,41,PM2.5
Duval,03/21,45,PM2.5
Duval,03/22,55,PM2.5
Duval,03/23,62,PM2.5
Duval,03/24,35,PM2.5
Duval,03/25,48,PM2.5
Duval,03/26,45,PM2.5
Duval,03/27,55,PM2.5
Duval,03/28,59,PM2.5
Duval,03/29,58,PM2.5
Duval,03/30,60,PM2.5
Duval,03/31,43,PM2.5
Duval,04/05,57,PM2.5
Duval,04/08,48,PM2.5
Duval,04/09,59,PM2.5
Duval,04/10,48,PM2.5
Duval,04/12,57,PM2.5
Duval,04/13,61,PM2.5
Duval,04/14,59,PM2.5
Duval,04/15,53,PM2.5
Duval,04/17,45,PM2.5
Duval,04/18,40,PM2.5
Duval,04/19,40,PM2.5
Duval,04/20,45,PM2.5
Duval,04/21,52,PM2.5
Duval,04/22,50,PM2.5
Duval,04/25,52,PM2.5
Duval,05/15,39,PM2.5
Duval,05/16,35,PM2.5
Duval,05/17,29,PM2.5
Duval,05/23,41,PM2.5
Duval,05/25,28,PM2.5
Duval,05/28,45,PM2.5
Duval,05/29,36,PM2.5
Duval,05/30,48,PM2.5
Duval,05/31,48,PM2.5
Duval,06/05,28,PM2.5
Duval,06/06,35,PM2.5
Duval,06/08,35,PM2.5
Duval,06/10,41,PM2.5
Duval,06/11,40,PM2.5
Duval,06/13,35,PM2.5
Duval,06/17,47,PM2.5
Duval,06/21,49,PM2.5
Duval,06/23,30,PM2.5
Duval,06/24,41,PM2.5
Duval,06/25,75,PM2.5
Duval,06/26,125,PM2.5
Duval,06/27,119,PM2.5
Duval,06/28,80,PM2.5
Duval,06/29,51,PM2.5
Duval,06/30,54,PM2.5
Duval,07/01,47,PM2.5
Duval,07/02,55,PM2.5
Duval,07/03,62,PM2.5
Escambia,01/01,44,PM2.5
Escambia,01/02,41,PM2.5
Escambia,01/03,38,PM2.5
Escambia,01/08,49,PM2.5
Escambia,01/09,47,PM2.5
Escambia,01/10,51,PM2.5
Escambia,01/11,53,PM2.5
Escambia,01/12,33,PM2.5
Escambia,01/13,38,PM2.5
Escambia,01/18,42,PM2.5
Escambia,01/21,47,PM2.5
Escambia,01/22,58,PM2.5
Escambia,01/23,58,PM2.5
Escambia,01/26,50,PM2.5
Escambia,01/31,33,PM2.5
Escambia,02/01,38,PM2.5
Escambia,02/05,46,PM2.5
Escambia,02/06,39,PM2.5
Escambia,02/10,51,PM2.5
Escambia,02/11,40,PM2.5
Escambia,02/12,36,PM2.5
Escambia,02/15,48,PM2.5
Escambia,02/16,52,PM2.5
Escambia,02/18,27,PM2.5
Escambia,02/22,57,PM2.5
Escambia,02/23,61,PM2.5
Escambia,02/24,52,PM2.5
Escambia,02/25,30,PM2.5
Escambia,03/03,51,PM2.5
Escambia,03/07,46,PM2.5
Escambia,03/08,46,PM2.5
Escambia,03/09,47,PM2.5
Escambia,03/16,54,PM2.5
Escambia,03/17,67,PM2.5
Escambia,03/18,32,PM2.5
Escambia,03/20,38,PM2.5
Escambia,03/21,35,PM2.5
Escambia,03/22,41,PM2.5
Escambia,03/24,34,PM2.5
Escambia,03/25,58,PM2.5
Escambia,03/26,60,PM2.5
Escambia,03/27,51,PM2.5
Escambia,03/28,59,PM2.5
Escambia,03/29,69,PM2.5
Escambia,03/30,51,PM2.5
Escambia,03/31,43,PM2.5
Escambia,04/03,57,PM2.5
Escambia,04/04,74,PM2.5
Escambia,04/05,54,PM2.5
Escambia,04/06,54,PM2.5
Escambia,04/08,50,PM2.5
Escambia,04/09,67,PM2.5
Escambia,04/12,68,PM2.5
Escambia,04/17,53,PM2.5
Escambia,04/18,53,PM2.5
Escambia,04/19,53,PM2.5
Escambia,04/23,46,PM2.5
Escambia,05/15,43,PM2.5
Escambia,05/16,39,PM2.5
Escambia,05/22,54,PM2.5
Escambia,05/23,54,PM2.5
Escambia,06/01,54,PM2.5
Escambia,06/02,44,PM2.5
Escambia,06/07,33,PM2.5
Escambia,06/08,47,PM2.5
Escambia,06/09,52,PM2.5
Escambia,06/10,33,PM2.5
Escambia,06/14,45,PM2.5
Escambia,06/16,56,PM2.5
Escambia,06/18,50,PM2.5
Escambia,06/24,44,PM2.5
Escambia,06/25,63,PM2.5
Escambia,06/26,59,PM2.5
Escambia,06/27,74,PM2.5
Escambia,06/28,50,PM2.5
Escambia,06/29,45,PM2.5
Escambia,06/30,51,PM2.5
Escambia,07/01,59,PM2.5
Escambia,07/02,54,PM2.5
Hamilton,01/01,34,PM2.5
Hamilton,01/02,49,PM2.5
Hamilton,01/03,48,PM2.5
Hamilton,01/07,31,PM2.5
Hamilton,01/08,28,PM2.5
Hamilton,01/09,64,PM2.5
Hamilton,01/10,36,PM2.5
Hamilton,01/11,37,PM2.5
Hamilton,01/12,48,PM2.5
Hamilton,01/13,36,PM2.5
Hamilton,01/14,33,PM2.5
Hamilton,01/15,33,PM2.5
Hamilton,01/16,29,PM2.5
Hamilton,01/17,27,PM2.5
Hamilton,01/18,34,PM2.5
Hamilton,01/19,26,PM2.5
Hamilton,01/20,22,PM2.5
Hamilton,01/21,38,PM2.5
Hamilton,01/22,56,PM2.5
Hamilton,01/23,55,PM2.5
Hamilton,01/24,25,PM2.5
Hamilton,01/25,23,PM2.5
Hamilton,01/26,32,PM2.5
Hamilton,01/27,38,PM2.5
Hamilton,01/28,25,PM2.5
Hamilton,01/29,42,PM2.5
Hamilton,01/30,30,PM2.5
Hamilton,01/31,32,PM2.5
Hamilton,02/01,21,PM2.5
Hamilton,02/02,24,PM2.5
Hamilton,02/03,51,PM2.5
Hamilton,02/04,35,PM2.5
Hamilton,02/05,36,PM2.5
Hamilton,02/06,48,PM2.5
Hamilton,02/07,16,PM2.5
Hamilton,02/08,25,PM2.5
Hamilton,02/09,35,PM2.5
Hamilton,02/10,33,PM2.5
Hamilton,02/11,36,PM2.5
Hamilton,02/12,27,PM2.5
Hamilton,02/13,36,PM2.5
Hamilton,02/14,15,PM2.5
Hamilton,02/15,25,PM2.5
Hamilton,02/16,22,PM2.5
Hamilton,02/17,24,PM2.5
Hamilton,02/18,40,PM2.5
Hamilton,02/19,24,PM2.5
Hamilton,02/20,23,PM2.5
Hamilton,02/22,27,PM2.5
Hamilton,02/23,29,PM2.5
Hamilton,02/24,29,PM2.5
Hamilton,02/25,21,PM2.5
Hamilton,02/26,20,PM2.5
Hamilton,02/27,22,PM2.5
Hamilton,02/28,33,PM2.5
Hamilton,02/29,42,PM2.5
Hamilton,03/01,52,PM2.5
Hamilton,03/02,34,PM2.5
Hamilton,03/03,41,PM2.5
Hamilton,03/04,47,PM2.5
Hamilton,03/05,30,PM2.5
Hamilton,03/12,55,PM2.5
Hamilton,03/13,38,PM2.5
Hamilton,03/14,59,PM2.5
Hamilton,03/15,74,PM2.5
Hamilton,03/16,54,PM2.5
Hamilton,03/17,43,PM2.5
Hamilton,03/18,43,PM2.5
Hamilton,03/19,34,PM2.5
Hamilton,03/20,43,PM2.5
Hamilton,03/21,29,PM2.5
Hamilton,03/22,39,PM2.5
Hamilton,03/23,33,PM2.5
Hamilton,03/24,30,PM2.5
Hamilton,03/25,48,PM2.5
Hamilton,03/26,53,PM2.5
Hamilton,03/27,48,PM2.5
Hamilton,03/28,52,PM2.5
Hamilton,03/29,41,PM2.5
Hamilton,03/30,52,PM2.5
Hamilton,03/31,44,PM2.5
Hamilton,04/01,23,PM2.5
Hamilton,04/02,32,PM2.5
Hamilton,04/03,44,PM2.5
Hamilton,04/04,64,PM2.5
Hamilton,04/05,64,PM2.5
Hamilton,04/06,31,PM2.5
Hamilton,04/07,38,PM2.5
Hamilton,04/08,40,PM2.5
Hamilton,04/09,56,PM2.5
Hamilton,04/10,29,PM2.5
Hamilton,04/11,38,PM2.5
Hamilton,04/12,63,PM2.5
Hamilton,04/13,72,PM2.5
Hamilton,04/14,49,PM2.5
Hamilton,04/15,30,PM2.5
Hamilton,04/16,36,PM2.5
Hamilton,04/17,41,PM2.5
Hamilton,04/18,40,PM2.5
Hamilton,04/19,36,PM2.5
Hamilton,04/20,28,PM2.5
Hamilton,04/21,38,PM2.5
Hamilton,04/22,32,PM2.5
Hamilton,04/25,52,PM2.5
Hamilton,04/26,35,PM2.5
Hamilton,04/27,25,PM2.5
Hamilton,04/28,32,PM2.5
Hamilton,04/29,32,PM2.5
Hamilton,04/30,24,PM2.5
Hamilton,05/01,34,PM2.5
Hamilton,05/02,45,PM2.5
Hamilton,05/03,45,PM2.5
Hamilton,05/04,43,PM2.5
Hamilton,05/05,31,PM2.5
Hamilton,05/06,30,PM2.5
Hamilton,05/07,28,PM2.5
Hamilton,05/08,39,PM2.5
Hamilton,05/09,27,PM2.5
Hamilton,05/10,30,PM2.5
Hamilton,05/11,31,PM2.5
Hamilton,05/12,35,PM2.5
Hamilton,05/13,36,PM2.5
Hamilton,05/14,31,PM2.5
Hamilton,05/15,33,PM2.5
Hamilton,05/16,30,PM2.5
Hamilton,05/17,28,PM2.5
Hamilton,05/18,35,PM2.5
Hamilton,05/19,28,PM2.5
Hamilton,05/20,35,PM2.5
Hamilton,05/21,33,PM2.5
Hamilton,05/22,52,PM2.5
Hamilton,05/23,36,PM2.5
Hamilton,05/24,34,PM2.5
Hamilton,05/25,30,PM2.5
Hamilton,05/26,29,PM2.5
Hamilton,05/27,27,PM2.5
Hamilton,05/28,33,PM2.5
Hamilton,05/29,43,PM2.5
Hamilton,05/30,39,PM2.5
Hamilton,05/31,40,PM2.5
Hamilton,06/01,47,PM2.5
Hamilton,06/02,35,PM2.5
Hamilton,06/03,40,PM2.5
Hamilton,06/04,43,PM2.5
Hamilton,06/05,28,PM2.5
Hamilton,06/06,26,PM2.5
Hamilton,06/10,41,PM2.5
Hamilton,06/11,42,PM2.5
Hamilton,06/12,31,PM2.5
Hamilton,06/18,6,PM2.5
Hamilton,06/19,25,PM2.5
Hamilton,06/20,32,PM2.5
Hamilton,06/21,39,PM2.5
Hamilton,06/22,35,PM2.5
Hamilton,06/23,30,PM2.5
Hamilton,06/24,38,PM2.5
Hamilton,06/25,74,PM2.5
Hamilton,06/26,154,PM2.5
Hamilton,06/27,133,PM2.5
Hamilton,06/28,67,PM2.5
Hamilton,06/29,40,PM2.5
Hamilton,06/30,34,PM2.5
Hamilton,07/01,34,PM2.5
Hamilton,07/02,48,PM2.5
Hamilton,07/03,43,PM2.5
Hillsborough,01/01,108,PM2.5
Hillsborough,01/03,38,PM2.5
Hillsborough,01/06,38,PM2.5
Hillsborough,01/07,50,PM2.5
Hillsborough,01/10,45,PM2.5
Hillsborough,01/11,52,PM2.5
Hillsborough,01/12,47,PM2.5
Hillsborough,01/13,48,PM2.5
Hillsborough,01/14,42,PM2.5
Hillsborough,01/15,43,PM2.5
Hillsborough,01/18,44,PM2.5
Hillsborough,01/19,36,PM2.5
Hillsborough,01/20,75,PM2.5
Hillsborough,01/21,64,PM2.5
Hillsborough,01/22,55,PM2.5
Hillsborough,01/23,45,PM2.5
Hillsborough,01/27,45,PM2.5
Hillsborough,01/30,44,PM2.5
Hillsborough,01/31,51,PM2.5
Hillsborough,02/01,42,PM2.5
Hillsborough,02/05,44,PM2.5
Hillsborough,02/06,55,PM2.5
Hillsborough,02/09,41,PM2.5
Hillsborough,02/10,45,PM2.5
Hillsborough,02/11,30,PM2.5
Hillsborough,02/12,35,PM2.5
Hillsborough,02/13,55,PM2.5
Hillsborough,02/14,43,PM2.5
Hillsborough,02/17,45,PM2.5
Hillsborough,02/18,42,PM2.5
Hillsborough,02/19,37,PM2.5
Hillsborough,02/20,45,PM2.5
Hillsborough,02/22,46,PM2.5
Hillsborough,02/25,42,PM2.5
Hillsborough,03/01,56,PM2.5
Hillsborough,03/03,48,PM2.5
Hillsborough,03/04,52,PM2.5
Hillsborough,03/05,43,PM2.5
Hillsborough,03/10,52,PM2.5
Hillsborough,03/12,52,PM2.5
Hillsborough,03/16,49,PM2.5
Hillsborough,03/18,47,PM2.5
Hillsborough,03/22,37,PM2.5
Hillsborough,03/25,40,PM2.5
Hillsborough,03/26,53,PM2.5
Hillsborough,03/27,60,PM2.5
Hillsborough,03/28,56,PM2.5
Hillsborough,03/29,41,PM2.5
Hillsborough,03/31,44,PM2.5
Hillsborough,04/05,50,PM2.5
Hillsborough,04/09,52,PM2.5
Hillsborough,04/10,52,PM2.5
Hillsborough,04/12,70,PM2.5
Hillsborough,04/13,76,PM2.5
Hillsborough,04/14,71,PM2.5
Hillsborough,04/15,65,PM2.5
Hillsborough,04/17,43,PM2.5
Hillsborough,04/18,37,PM2.5
Hillsborough,04/19,51,PM2.5
Hillsborough,04/20,52,PM2.5
Hillsborough,04/23,48,PM2.5
Hillsborough,04/25,45,PM2.5
Hillsborough,04/26,53,PM2.5
Hillsborough,05/15,38,PM2.5
Hillsborough,05/21,52,PM2.5
Hillsborough,05/22,45,PM2.5
Hillsborough,05/23,40,PM2.5
Hillsborough,05/24,29,PM2.5
Hillsborough,05/27,53,PM2.5
Hillsborough,05/28,52,PM2.5
Hillsborough,05/29,38,PM2.5
Hillsborough,06/04,28,PM2.5
Hillsborough,06/05,29,PM2.5
Hillsborough,06/06,30,PM2.5
Hillsborough,06/07,43,PM2.5
Hillsborough,06/08,49,PM2.5
Hillsborough,06/09,41,PM2.5
Hillsborough,06/25,54,PM2.5
Hillsborough,06/26,72,PM2.5
Hillsborough,06/27,63,PM2.5
Hillsborough,06/28,61,PM2.5
Hillsborough,06/29,58,PM2.5
Hillsborough,06/30,52,PM2.5
Hillsborough,07/01,46,PM2.5
Hillsborough,07/02,36,PM2.5
Hillsborough,07/03,64,PM2.5
Holmes,01/01,35,PM2.5
Holmes,01/02,39,PM2.5
Holmes,01/03,40,PM2.5
Holmes,01/10,56,PM2.5
Holmes,01/11,33,PM2.5
Holmes,01/12,31,PM2.5
Holmes,01/13,32,PM2.5
Holmes,01/15,27,PM2.5
Holmes,01/21,35,PM2.5
Holmes,01/22,43,PM2.5
Holmes,01/23,55,PM2.5
Holmes,01/29,38,PM2.5
Holmes,01/31,33,PM2.5
Holmes,02/05,36,PM2.5
Holmes,02/10,36,PM2.5
Holmes,02/11,36,PM2.5
Holmes,02/12,29,PM2.5
Holmes,02/16,41,PM2.5
Holmes,02/17,27,PM2.5
Holmes,02/18,27,PM2.5
Holmes,02/23,51,PM2.5
Holmes,02/24,44,PM2.5
Holmes,03/01,50,PM2.5
Holmes,03/03,48,PM2.5
Holmes,03/08,48,PM2.5
Holmes,03/15,45,PM2.5
Holmes,03/16,59,PM2.5
Holmes,03/17,50,PM2.5
Holmes,03/18,35,PM2.5
Holmes,03/20,35,PM2.5
Holmes,03/21,30,PM2.5
Holmes,03/22,40,PM2.5
Holmes,03/23,36,PM2.5
Holmes,03/25,56,PM2.5
Holmes,03/26,59,PM2.5
Holmes,03/27,58,PM2.5
Holmes,03/28,54,PM2.5
Holmes,03/29,66,PM2.5
Holmes,03/30,53,PM2.5
Holmes,03/31,48,PM2.5
Holmes,04/03,64,PM2.5
Holmes,04/04,62,PM2.5
Holmes,04/05,55,PM2.5
Holmes,04/06,51,PM2.5
Holmes,04/08,40,PM2.5
Holmes,04/09,59,PM2.5
Holmes,04/13,48,PM2.5
Holmes,04/17,54,PM2.5
Holmes,04/18,46,PM2.5
Holmes,04/19,52,PM2.5
Holmes,05/22,53,PM2.5
Holmes,05/23,42,PM2.5
Holmes,05/24,41,PM2.5
Holmes,05/26,33,PM2.5
Holmes,05/30,40,PM2.5
Holmes,06/01,54,PM2.5
Holmes,06/02,33,PM2.5
Holmes,06/03,34,PM2.5
Holmes,06/06,20,PM2.5
Holmes,06/07,25,PM2.5
Holmes,06/08,38,PM2.5
Holmes,06/09,31,PM2.5
Holmes,06/10,36,PM2.5
Holmes,06/15,50,PM2.5
Holmes,06/19,52,PM2.5
Holmes,06/20,50,PM2.5
Holmes,06/22,32,PM2.5
Holmes,06/24,48,PM2.5
Holmes,06/25,108,PM2.5
Holmes,06/26,128,PM2.5
Holmes,06/27,138,PM2.5
Holmes,06/28,86,PM2.5
Holmes,06/30,52,PM2.5
Holmes,07/01,47,PM2.5
Holmes,07/02,44,PM2.5
Holmes,07/03,40,PM2.5
Lee,01/01,47,PM2.5
Lee,01/03,28,PM2.5
Lee,01/10,38,PM2.5
Lee,01/11,44,PM2.5
Lee,01/12,41,PM2.5
Lee,01/13,39,PM2.5
Lee,01/14,40,PM2.5
Lee,01/23,46,PM2.5
Lee,02/06,45,PM2.5
Lee,02/07,41,PM2.5
Lee,02/11,30,PM2.5
Lee,02/12,35,PM2.5
Lee,02/13,58,PM2.5
Lee,02/14,54,PM2.5
Lee,02/16,33,PM2.5
Lee,02/17,31,PM2.5
Lee,02/18,34,PM2.5
Lee,02/19,30,PM2.5
Lee,02/20,28,PM2.5
Lee,02/26,35,PM2.5
Lee,03/03,43,PM2.5
Lee,03/04,40,PM2.5
Lee,03/05,44,PM2.5
Lee,03/25,35,PM2.5
Lee,03/26,44,PM2.5
Lee,03/27,52,PM2.5
Lee,03/31,35,PM2.5
Lee,04/09,33,PM2.5
Lee,04/10,57,PM2.5
Lee,04/11,45,PM2.5
Lee,04/12,65,PM2.5
Lee,04/13,67,PM2.5
Lee,04/14,70,PM2.5
Lee,04/15,64,PM2.5
Lee,04/16,40,PM2.5
Lee,04/18,40,PM2.5
Lee,04/19,42,PM2.5
Lee,04/20,47,PM2.5
Lee,04/25,43,PM2.5
Lee,04/26,54,PM2.5
Lee,06/10,29,PM2.5
Lee,06/24,26,PM2.5
Lee,06/25,38,PM2.5
Lee,06/26,35,PM2.5
Lee,06/27,33,PM2.5
Lee,06/28,47,PM2.5
Lee,06/29,55,PM2.5
Lee,06/30,49,PM2.5
Lee,07/01,48,PM2.5
Lee,07/02,48,PM2.5
Lee,07/03,52,PM2.5
Leon,01/01,63,PM2.5
Leon,01/03,49,PM2.5
Leon,01/06,60,PM2.5
Leon,01/07,46,PM2.5
Leon,01/08,43,PM2.5
Leon,01/09,41,PM2.5
Leon,01/10,34,PM2.5
Leon,01/11,41,PM2.5
Leon,01/12,20,PM2.5
Leon,01/13,25,PM2.5
Leon,01/20,46,PM2.5
Leon,01/21,42,PM2.5
Leon,01/22,51,PM2.5
Leon,01/23,54,PM2.5
Leon,01/24,31,PM2.5
Leon,01/25,36,PM2.5
Leon,01/26,40,PM2.5
Leon,01/27,29,PM2.5
Leon,01/28,41,PM2.5
Leon,01/29,54,PM2.5
Leon,01/30,46,PM2.5
Leon,01/31,32,PM2.5
Leon,02/01,23,PM2.5
Leon,02/05,31,PM2.5
Leon,02/06,40,PM2.5
Leon,02/09,40,PM2.5
Leon,02/11,40,PM2.5
Leon,02/13,32,PM2.5
Leon,02/17,25,PM2.5
Leon,02/18,36,PM2.5
Leon,02/22,55,PM2.5
Leon,02/23,61,PM2.5
Leon,02/25,20,PM2.5
Leon,02/28,52,PM2.5
Leon,02/29,54,PM2.5
Leon,03/01,60,PM2.5
Leon,03/02,51,PM2.5
Leon,03/03,60,PM2.5
Leon,03/04,40,PM2.5
Leon,03/07,43,PM2.5
Leon,03/10,47,PM2.5
Leon,03/11,43,PM2.5
Leon,03/12,45,PM2.5
Leon,03/13,48,PM2.5
Leon,03/14,59,PM2.5
Leon,03/15,62,PM2.5
Leon,03/16,55,PM2.5
Leon,03/17,44,PM2.5
Leon,03/18,54,PM2.5
Leon,03/19,45,PM2.5
Leon,03/20,33,PM2.5
Leon,03/21,33,PM2.5
Leon,03/22,48,PM2.5
Leon,03/23,36,PM2.5
Leon,03/25,53,PM2.5
Leon,03/26,58,PM2.5
Leon,03/27,48,PM2.5
Leon,03/28,48,PM2.5
Leon,03/29,60,PM2.5
Leon,03/30,58,PM2.5
Leon,03/31,38,PM2.5
Leon,04/01,46,PM2.5
Leon,04/02,63,PM2.5
Leon,04/03,83,PM2.5
Leon,04/04,70,PM2.5
Leon,04/05,61,PM2.5
Leon,04/06,49,PM2.5
Leon,04/07,43,PM2.5
Leon,04/08,49,PM2.5
Leon,04/09,59,PM2.5
Leon,04/10,57,PM2.5
Leon,04/11,59,PM2.5
Leon,04/12,69,PM2.5
Leon,04/13,66,PM2.5
Leon,04/14,56,PM2.5
Leon,04/15,43,PM2.5
Leon,04/16,57,PM2.5
Leon,04/18,40,PM2.5
Leon,04/19,45,PM2.5
Leon,04/22,52,PM2.5
Leon,04/25,49,PM2.5
Leon,04/27,73,PM2.5
Leon,04/28,52,PM2.5
Leon,05/05,34,PM2.5
Leon,05/06,55,PM2.5
Leon,05/07,54,PM2.5
Leon,05/08,52,PM2.5
Leon,05/17,28,PM2.5
Leon,05/22,49,PM2.5
Leon,05/23,37,PM2.5
Leon,05/24,34,PM2.5
Leon,05/26,27,PM2.5
Leon,05/27,24,PM2.5
Leon,05/28,27,PM2.5
Leon,05/29,32,PM2.5
Leon,06/01,50,PM2.5
Leon,06/02,38,PM2.5
Leon,06/03,48,PM2.5
Leon,06/05,44,PM2.5
Leon,06/06,23,PM2.5
Leon,06/07,21,PM2.5
Leon,06/08,52,PM2.5
Leon,06/09,28,PM2.5
Leon,06/10,35,PM2.5
Leon,06/11,35,PM2.5
Leon,06/20,50,PM2.5
Leon,06/22,36,PM2.5
Leon,06/23,55,PM2.5
Leon,06/24,62,PM2.5
Leon,06/25,120,PM2.5
Leon,06/26,160,PM2.5
Leon,06/27,147,PM2.5
Leon,06/28,75,PM2.5
Leon,06/29,55,PM2.5
Leon,06/30,51,PM2.5
Leon,07/01,45,PM2.5
Leon,07/02,46,PM2.5
Leon,07/03,38,PM2.5
Marion,01/01,53,PM2.5
Marion,01/02,57,PM2.5
Marion,01/03,43,PM2.5
Marion,01/05,42,PM2.5
Marion,01/06,54,PM2.5
Marion,01/07,51,PM2.5
Marion,01/08,57,PM2.5
Marion,01/09,41,PM2.5
Marion,01/11,39,PM2.5
Marion,01/12,38,PM2.5
Marion,01/14,32,PM2.5
Marion,01/15,36,PM2.5
Marion,01/16,38,PM2.5
Marion,01/22,36,PM2.5
Marion,01/23,53,PM2.5
Marion,01/26,38,PM2.5
Marion,01/27,49,PM2.5
Marion,01/29,37,PM2.5
Marion,01/31,39,PM2.5
Marion,02/01,33,PM2.5
Marion,02/04,56,PM2.5
Marion,02/05,55,PM2.5
Marion,02/06,47,PM2.5
Marion,02/13,54,PM2.5
Marion,02/19,36,PM2.5
Marion,02/20,40,PM2.5
Marion,02/25,34,PM2.5
Marion,03/03,44,PM2.5
Marion,03/04,60,PM2.5
Marion,03/05,45,PM2.5
Marion,03/25,36,PM2.5
Marion,03/26,56,PM2.5
Marion,03/27,55,PM2.5
Marion,03/28,58,PM2.5
Marion,03/31,40,PM2.5
Marion,04/05,63,PM2.5
Marion,04/06,46,PM2.5
Marion,04/08,36,PM2.5
Marion,04/09,54,PM2.5
Marion,04/10,49,PM2.5
Marion,04/12,55,PM2.5
Marion,04/13,72,PM2.5
Marion,04/14,73,PM2.5
Marion,04/15,55,PM2.5
Marion,04/19,44,PM2.5
Marion,04/25,45,PM2.5
Marion,05/06,52,PM2.5
Marion,05/19,48,PM2.5
Marion,05/21,48,PM2.5
Marion,05/22,52,PM2.5
Marion,05/23,49,PM2.5
Marion,05/24,48,PM2.5
Marion,05/25,48,PM2.5
Marion,05/26,46,PM2.5
Marion,05/27,45,PM2.5
Marion,05/28,58,PM2.5
Marion,05/29,50,PM2.5
Marion,05/30,51,PM2.5
Marion,05/31,50,PM2.5
Marion,06/01,51,PM2.5
Marion,06/05,46,PM2.5
Marion,06/06,28,PM2.5
Marion,06/07,30,PM2.5
Marion,06/08,36,PM2.5
Marion,06/09,41,PM2.5
Marion,06/10,37,PM2.5
Marion,06/22,31,PM2.5
Marion,06/23,27,PM2.5
Marion,06/24,39,PM2.5
Marion,06/25,39,PM2.5
Marion,06/26,85,PM2.5
Marion,06/27,76,PM2.5
Marion,06/28,74,PM2.5
Marion,06/29,44,PM2.5
Marion,06/30,52,PM2.5
Marion,07/01,46,PM2.5
Marion,07/02,54,PM2.5
Marion,07/03,41,PM2.5
Martin,01/01,43,PM2.5
Martin,01/03,32,PM2.5
Martin,01/10,45,PM2.5
Martin,01/11,51,PM2.5
Martin,01/12,42,PM2.5
Martin,01/13,43,PM2.5
Martin,01/22,37,PM2.5
Martin,01/27,51,PM2.5
Martin,02/06,37,PM2.5
Martin,02/07,39,PM2.5
Martin,02/11,34,PM2.5
Martin,02/12,33,PM2.5
Martin,02/13,53,PM2.5
Martin,02/14,48,PM2.5
Martin,02/19,29,PM2.5
Martin,02/26,38,PM2.5
Martin,03/05,43,PM2.5
Martin,03/25,52,PM2.5
Martin,03/26,57,PM2.5
Martin,03/27,54,PM2.5
Martin,03/31,41,PM2.5
Martin,04/09,52,PM2.5
Martin,04/10,54,PM2.5
Martin,04/12,56,PM2.5
Martin,04/13,72,PM2.5
Martin,04/14,59,PM2.5
Martin,04/15,60,PM2.5
Martin,04/18,30,PM2.5
Martin,04/20,48,PM2.5
Martin,04/25,43,PM2.5
Martin,04/26,47,PM2.5
Martin,05/17,35,PM2.5
Martin,05/18,38,PM2.5
Martin,05/19,43,PM2.5
Martin,05/20,43,PM2.5
Martin,05/21,53,PM2.5
Martin,05/22,37,PM2.5
Martin,05/23,30,PM2.5
Martin,05/24,27,PM2.5
Martin,05/26,32,PM2.5
Martin,05/27,50,PM2.5
Martin,05/28,46,PM2.5
Martin,05/29,27,PM2.5
Martin,05/30,33,PM2.5
Martin,05/31,35,PM2.5
Martin,06/01,35,PM2.5
Martin,06/02,35,PM2.5
Martin,06/04,25,PM2.5
Martin,06/05,34,PM2.5
Martin,06/06,42,PM2.5
Martin,06/07,43,PM2.5
Martin,06/08,42,PM2.5
Martin,06/09,33,PM2.5
Martin,06/10,52,PM2.5
Martin,06/18,27,PM2.5
Martin,06/19,23,PM2.5
Martin,06/20,26,PM2.5
Martin,06/21,31,PM2.5
Martin,06/22,33,PM2.5
Martin,06/23,33,PM2.5
Martin,06/24,45,PM2.5
Martin,06/25,54,PM2.5
Martin,06/26,48,PM2.5
Martin,06/27,29,PM2.5
Martin,06/28,40,PM2.5
Martin,06/29,68,PM2.5
Martin,06/30,60,PM2.5
Martin,07/01,62,PM2.5
Martin,07/02,53,PM2.5
Martin,07/03,59,PM2.5
Miami-Dade,01/01,81,PM2.5
Miami-Dade,01/02,48,PM2.5
Miami-Dade,01/03,28,PM2.5
Miami-Dade,01/10,52,PM2.5
Miami-Dade,01/11,53,PM2.5
Miami-Dade,01/12,54,PM2.5
Miami-Dade,01/13,48,PM2.5
Miami-Dade,01/14,46,PM2.5
Miami-Dade,01/18,44,PM2.5
Miami-Dade,01/21,47,PM2.5
Miami-Dade,01/22,53,PM2.5
Miami-Dade,01/23,38,PM2.5
Miami-Dade,01/25,53,PM2.5
Miami-Dade,01/27,52,PM2.5
Miami-Dade,01/28,48,PM2.5
Miami-Dade,01/31,55,PM2.5
Miami-Dade,02/02,38,PM2.5
Miami-Dade,02/06,45,PM2.5
Miami-Dade,02/07,45,PM2.5
Miami-Dade,02/10,36,PM2.5
Miami-Dade,02/11,36,PM2.5
Miami-Dade,02/12,40,PM2.5
Miami-Dade,02/13,60,PM2.5
Miami-Dade,02/14,51,PM2.5
Miami-Dade,02/17,33,PM2.5
Miami-Dade,02/18,31,PM2.5
Miami-Dade,02/19,30,PM2.5
Miami-Dade,02/20,32,PM2.5
Miami-Dade,02/26,36,PM2.5
Miami-Dade,02/27,46,PM2.5
Miami-Dade,03/03,44,PM2.5
Miami-Dade,03/04,41,PM2.5
Miami-Dade,03/05,48,PM2.5
Miami-Dade,03/06,40,PM2.5
Miami-Dade,03/16,32,PM2.5
Miami-Dade,03/24,33,PM2.5
Miami-Dade,03/25,42,PM2.5
Miami-Dade,03/26,52,PM2.5
Miami-Dade,03/27,56,PM2.5
Miami-Dade,03/30,28,PM2.5
Miami-Dade,03/31,36,PM2.5
Miami-Dade,04/06,41,PM2.5
Miami-Dade,04/08,30,PM2.5
Miami-Dade,04/09,40,PM2.5
Miami-Dade,04/10,60,PM2.5
Miami-Dade,04/11,55,PM2.5
Miami-Dade,04/12,62,PM2.5
Miami-Dade,04/13,67,PM2.5
Miami-Dade,04/14,55,PM2.5
Miami-Dade,04/15,67,PM2.5
Miami-Dade,04/16,62,PM2.5
Miami-Dade,04/17,50,PM2.5
Miami-Dade,04/18,51,PM2.5
Miami-Dade,04/19,41,PM2.5
Miami-Dade,04/20,45,PM2.5
Miami-Dade,04/21,48,PM2.5
Miami-Dade,04/24,48,PM2.5
Miami-Dade,04/25,49,PM2.5
Miami-Dade,04/26,43,PM2.5
Miami-Dade,05/10,48,PM2.5
Miami-Dade,05/17,52,PM2.5
Miami-Dade,05/18,51,PM2.5
Miami-Dade,05/19,52,PM2.5
Miami-Dade,05/20,59,PM2.5
Miami-Dade,05/21,62,PM2.5
Miami-Dade,05/22,36,PM2.5
Miami-Dade,05/23,28,PM2.5
Miami-Dade,05/26,52,PM2.5
Miami-Dade,05/27,59,PM2.5
Miami-Dade,05/28,38,PM2.5
Miami-Dade,05/31,32,PM2.5
Miami-Dade,06/01,32,PM2.5
Miami-Dade,06/04,36,PM2.5
Miami-Dade,06/05,44,PM2.5
Miami-Dade,06/06,44,PM2.5
Miami-Dade,06/07,52,PM2.5
Miami-Dade,06/08,39,PM2.5
Miami-Dade,06/09,31,PM2.5
Miami-Dade,06/10,41,PM2.5
Miami-Dade,06/12,37,PM2.5
Miami-Dade,06/18,21,PM2.5
Miami-Dade,06/19,28,PM2.5
Miami-Dade,06/20,31,PM2.5
Miami-Dade,06/21,25,PM2.5
Miami-Dade,06/22,32,PM2.5
Miami-Dade,06/23,52,PM2.5
Miami-Dade,06/24,62,PM2.5
Miami-Dade,06/25,64,PM2.5
Miami-Dade,06/26,34,PM2.5
Miami-Dade,06/27,52,PM2.5
Miami-Dade,06/28,56,PM2.5
Miami-Dade,06/29,61,PM2.5
Miami-Dade,06/30,66,PM2.5
Miami-Dade,07/01,64,PM2.5
Miami-Dade,07/02,57,PM2.5
Miami-Dade,07/03,45,PM2.5
Nassau,01/02,33,PM2.5
Nassau,01/03,43,PM2.5
Nassau,01/04,28,PM2.5
Nassau,01/08,29,PM2.5
Nassau,01/09,31,PM2.5
Nassau,01/10,35,PM2.5
Nassau,01/11,48,PM2.5
Nassau,01/12,43,PM2.5
Nassau,01/13,33,PM2.5
Nassau,01/14,34,PM2.5
Nassau,01/15,38,PM2.5
Nassau,01/16,28,PM2.5
Nassau,01/17,30,PM2.5
Nassau,01/18,26,PM2.5
Nassau,01/19,27,PM2.5
Nassau,01/20,25,PM2.5
Nassau,01/21,29,PM2.5
Nassau,01/22,34,PM2.5
Nassau,01/23,41,PM2.5
Nassau,01/24,38,PM2.5
Nassau,01/25,25,PM2.5
Nassau,01/26,36,PM2.5
Nassau,01/27,30,PM2.5
Nassau,01/29,30,PM2.5
Nassau,01/30,33,PM2.5
Nassau,01/31,33,PM2.5
Nassau,02/01,18,PM2.5
Nassau,02/02,25,PM2.5
Nassau,02/03,33,PM2.5
Nassau,02/04,40,PM2.5
Nassau,02/05,46,PM2.5
Nassau,02/06,51,PM2.5
Nassau,02/07,24,PM2.5
Nassau,02/08,26,PM2.5
Nassau,02/09,32,PM2.5
Nassau,02/10,28,PM2.5
Nassau,02/11,37,PM2.5
Nassau,02/12,30,PM2.5
Orange,01/01,54,PM2.5
Orange,01/06,40,PM2.5
Orange,01/07,45,PM2.5
Orange,01/11,32,PM2.5
Orange,01/19,35,PM2.5
Orange,01/21,53,PM2.5
Orange,01/22,45,PM2.5
Orange,01/31,30,PM2.5
Orange,02/05,42,PM2.5
Orange,02/06,32,PM2.5
Orange,02/12,35,PM2.5
Orange,02/13,45,PM2.5
Orange,02/14,32,PM2.5
Orange,02/20,33,PM2.5
Orange,02/28,67,PM2.5
Orange,03/01,52,PM2.5
Orange,03/04,54,PM2.5
Orange,03/05,45,PM2.5
Orange,03/19,36,PM2.5
Orange,03/25,40,PM2.5
Orange,03/26,50,PM2.5
Orange,03/31,51,PM2.5
Orange,04/05,52,PM2.5
Orange,04/09,40,PM2.5
Orange,04/12,47,PM2.5
Orange,04/13,60,PM2.5
Orange,04/14,68,PM2.5
Orange,04/15,71,PM2.5
Orange,04/19,48,PM2.5
Orange,04/20,41,PM2.5
Orange,04/26,48,PM2.5
Orange,05/28,38,PM2.5
Orange,06/08,28,PM2.5
Orange,06/23,27,PM2.5
Orange,06/25,47,PM2.5
Orange,06/26,45,PM2.5
Orange,06/27,61,PM2.5
Orange,06/28,56,PM2.5
Orange,06/29,59,PM2.5
Orange,06/30,35,PM2.5
Orange,07/01,37,PM2.5
Orange,07/02,45,PM2.5
Orange,07/03,52,PM2.5
Palm Beach,01/01,69,PM2.5
Palm Beach,01/06,19,PM2.5
Palm Beach,01/10,39,PM2.5
Palm Beach,01/11,33,PM2.5
Palm Beach,02/05,38,PM2.5
Palm Beach,02/06,35,PM2.5
Palm Beach,02/07,39,PM2.5
Palm Beach,02/12,30,PM2.5
Palm Beach,02/13,52,PM2.5
Palm Beach,03/04,43,PM2.5
Palm Beach,03/05,30,PM2.5
Palm Beach,03/26,47,PM2.5
Palm Beach,03/27,54,PM2.5
Palm Beach,03/29,35,PM2.5
Palm Beach,03/31,32,PM2.5
Palm Beach,04/09,52,PM2.5
Palm Beach,04/10,56,PM2.5
Palm Beach,04/12,53,PM2.5
Palm Beach,04/13,70,PM2.5
Palm Beach,04/14,60,PM2.5
Palm Beach,04/15,61,PM2.5
Palm Beach,04/16,50,PM2.5
Palm Beach,04/17,42,PM2.5
Palm Beach,04/18,33,PM2.5
Palm Beach,04/19,53,PM2.5
Palm Beach,04/20,56,PM2.5
Palm Beach,04/25,44,PM2.5
Palm Beach,04/26,41,PM2.5
Palm Beach,05/18,40,PM2.5
Palm Beach,05/19,43,PM2.5
Palm Beach,05/20,38,PM2.5
Palm Beach,05/21,56,PM2.5
Palm Beach,05/23,30,PM2.5
Palm Beach,05/26,50,PM2.5
Palm Beach,05/27,40,PM2.5
Palm Beach,05/28,48,PM2.5
Palm Beach,06/04,30,PM2.5
Palm Beach,06/09,28,PM2.5
Palm Beach,06/10,29,PM2.5
Palm Beach,06/12,33,PM2.5
Palm Beach,06/13,40,PM2.5
Palm Beach,06/14,50,PM2.5
Palm Beach,06/17,48,PM2.5
Palm Beach,06/19,35,PM2.5
Palm Beach,06/23,44,PM2.5
Palm Beach,06/24,47,PM2.5
Palm Beach,06/25,53,PM2.5
Palm Beach,06/26,37,PM2.5
Palm Beach,06/27,31,PM2.5
Palm Beach,06/28,40,PM2.5
Palm Beach,06/29,66,PM2.5
Palm Beach,06/30,70,PM2.5
Palm Beach,07/01,52,PM2.5
Palm Beach,07/02,59,PM2.5
Palm Beach,07/03,47,PM2.5
Pinellas,01/01,71,PM2.5
Pinellas,01/03,36,PM2.5
Pinellas,01/06,39,PM2.5
Pinellas,01/10,38,PM2.5
Pinellas,01/11,51,PM2.5
Pinellas,01/12,41,PM2.5
Pinellas,01/13,45,PM2.5
Pinellas,01/14,37,PM2.5
Pinellas,01/18,39,PM2.5
Pinellas,01/19,36,PM2.5
Pinellas,01/21,48,PM2.5
Pinellas,01/22,58,PM2.5
Pinellas,01/23,44,PM2.5
Pinellas,01/27,34,PM2.5
Pinellas,01/29,43,PM2.5
Pinellas,01/30,45,PM2.5
Pinellas,01/31,49,PM2.5
Pinellas,02/01,39,PM2.5
Pinellas,02/05,38,PM2.5
Pinellas,02/06,49,PM2.5
Pinellas,02/07,44,PM2.5
Pinellas,02/10,37,PM2.5
Pinellas,02/11,29,PM2.5
Pinellas,02/12,34,PM2.5
Pinellas,02/13,55,PM2.5
Pinellas,02/14,36,PM2.5
Pinellas,02/18,35,PM2.5
Pinellas,02/19,30,PM2.5
Pinellas,02/20,37,PM2.5
Pinellas,03/04,41,PM2.5
Pinellas,03/05,38,PM2.5
Pinellas,03/16,47,PM2.5
Pinellas,03/25,35,PM2.5
Pinellas,03/26,47,PM2.5
Pinellas,03/27,59,PM2.5
Pinellas,03/28,55,PM2.5
Pinellas,03/31,43,PM2.5
Pinellas,04/05,46,PM2.5
Pinellas,04/09,52,PM2.5
Pinellas,04/10,54,PM2.5
Pinellas,04/12,61,PM2.5
Pinellas,04/13,71,PM2.5
Pinellas,04/14,74,PM2.5
Pinellas,04/15,66,PM2.5
Pinellas,04/19,44,PM2.5
Pinellas,04/20,52,PM2.5
Pinellas,04/25,44,PM2.5
Pinellas,04/26,53,PM2.5
Pinellas,05/21,54,PM2.5
Pinellas,05/22,52,PM2.5
Pinellas,05/24,30,PM2.5
Pinellas,05/27,48,PM2.5
Pinellas,05/28,57,PM2.5
Pinellas,05/29,36,PM2.5
Pinellas,05/30,42,PM2.5
Pinellas,05/31,40,PM2.5
Pinellas,06/01,53,PM2.5
Pinellas,06/02,46,PM2.5
Pinellas,06/07,44,PM2.5
Pinellas,06/08,44,PM2.5
Pinellas,06/09,41,PM2.5
Pinellas,06/23,19,PM2.5
Pinellas,06/24,35,PM2.5
Pinellas,06/25,51,PM2.5
Pinellas,06/26,74,PM2.5
Pinellas,06/27,50,PM2.5
Pinellas,06/28,56,PM2.5
Pinellas,06/29,53,PM2.5
Pinellas,06/30,35,PM2.5
Pinellas,07/01,35,PM2.5
Pinellas,07/02,47,PM2.5
Pinellas,07/03,62,PM2.5
Polk,01/01,73,PM2.5
Polk,01/03,27,PM2.5
Polk,01/05,36,PM2.5
Polk,01/06,45,PM2.5
Polk,01/07,55,PM2.5
Polk,01/27,35,PM2.5
Polk,01/29,41,PM2.5
Polk,01/30,49,PM2.5
Polk,01/31,49,PM2.5
Polk,02/01,48,PM2.5
Polk,02/05,53,PM2.5
Polk,02/06,48,PM2.5
Polk,02/10,40,PM2.5
Polk,02/11,30,PM2.5
Polk,02/12,42,PM2.5
Polk,02/13,52,PM2.5
Polk,02/14,38,PM2.5
Polk,02/18,41,PM2.5
Polk,02/19,41,PM2.5
Polk,02/20,36,PM2.5
Polk,02/28,44,PM2.5
Polk,02/29,51,PM2.5
Polk,03/01,57,PM2.5
Polk,03/03,44,PM2.5
Polk,03/04,54,PM2.5
Polk,03/05,38,PM2.5
Polk,03/10,53,PM2.5
Polk,03/11,49,PM2.5
Polk,03/25,38,PM2.5
Polk,03/26,54,PM2.5
Polk,03/27,62,PM2.5
Polk,03/28,55,PM2.5
Polk,03/29,57,PM2.5
Polk,03/31,47,PM2.5
Polk,04/05,57,PM2.5
Polk,04/08,35,PM2.5
Polk,04/09,52,PM2.5
Polk,04/10,54,PM2.5
Polk,04/12,56,PM2.5
Polk,04/13,67,PM2.5
Polk,04/14,71,PM2.5
Polk,04/15,67,PM2.5
Polk,04/19,48,PM2.5
Polk,04/20,47,PM2.5
Polk,04/23,54,PM2.5
Polk,04/25,45,PM2.5
Polk,04/26,55,PM2.5
Polk,05/06,40,PM2.5
Polk,05/21,44,PM2.5
Polk,05/23,32,PM2.5
Polk,05/24,27,PM2.5
Polk,05/27,39,PM2.5
Polk,05/28,41,PM2.5
Polk,05/29,25,PM2.5
Polk,06/04,21,PM2.5
Polk,06/06,24,PM2.5
Polk,06/07,36,PM2.5
Polk,06/08,43,PM2.5
Polk,06/09,40,PM2.5
Polk,06/10,31,PM2.5
Polk,06/26,47,PM2.5
Polk,06/27,56,PM2.5
Polk,06/28,54,PM2.5
Polk,06/29,55,PM2.5
Polk,06/30,39,PM2.5
Polk,07/01,38,PM2.5
Polk,07/02,34,PM2.5
Polk,07/03,59,PM2.5
Santa Rosa,01/02,40,PM2.5
Santa Rosa,01/03,38,PM2.5
Santa Rosa,01/10,44,PM2.5
Santa Rosa,01/11,51,PM2.5
Santa Rosa,01/13,32,PM2.5
Santa Rosa,01/21,39,PM2.5
Santa Rosa,01/22,37,PM2.5
Santa Rosa,01/23,54,PM2.5
Santa Rosa,01/26,33,PM2.5
Santa Rosa,01/31,36,PM2.5
Santa Rosa,02/01,31,PM2.5
Santa Rosa,02/05,41,PM2.5
Santa Rosa,02/06,33,PM2.5
Santa Rosa,02/10,42,PM2.5
Santa Rosa,02/12,33,PM2.5
Santa Rosa,02/14,55,PM2.5
Santa Rosa,02/16,43,PM2.5
Santa Rosa,02/17,27,PM2.5
Santa Rosa,02/23,45,PM2.5
Santa Rosa,03/07,65,PM2.5
Santa Rosa,03/16,48,PM2.5
Santa Rosa,03/17,53,PM2.5
Santa Rosa,03/19,35,PM2.5
Santa Rosa,03/20,32,PM2.5
Santa Rosa,03/22,36,PM2.5
Santa Rosa,03/24,30,PM2.5
Santa Rosa,03/25,50,PM2.5
Santa Rosa,03/26,54,PM2.5
Santa Rosa,03/27,45,PM2.5
Santa Rosa,03/28,57,PM2.5
Santa Rosa,03/29,69,PM2.5
Santa Rosa,03/31,42,PM2.5
Santa Rosa,04/04,60,PM2.5
Santa Rosa,04/05,52,PM2.5
Santa Rosa,04/08,39,PM2.5
Santa Rosa,04/09,63,PM2.5
Santa Rosa,04/12,68,PM2.5
Santa Rosa,04/15,50,PM2.5
Santa Rosa,04/18,38,PM2.5
Santa Rosa,04/19,49,PM2.5
Santa Rosa,05/16,32,PM2.5
Santa Rosa,05/22,59,PM2.5
Santa Rosa,05/23,57,PM2.5
Santa Rosa,05/24,41,PM2.5
Santa Rosa,06/02,37,PM2.5
Santa Rosa,06/07,32,PM2.5
Santa Rosa,06/08,48,PM2.5
Santa Rosa,06/09,54,PM2.5
Santa Rosa,06/10,36,PM2.5
Santa Rosa,06/24,49,PM2.5
Santa Rosa,06/25,57,PM2.5
Santa Rosa,06/26,59,PM2.5
Santa Rosa,06/27,84,PM2.5
Santa Rosa,06/28,59,PM2.5
Santa Rosa,06/29,54,PM2.5
Santa Rosa,06/30,57,PM2.5
Santa Rosa,07/01,61,PM2.5
Santa Rosa,07/02,59,PM2.5
Santa Rosa,07/03,50,PM2.5
Sarasota,01/01,76,PM2.5
Sarasota,01/03,29,PM2.5
Sarasota,01/06,38,PM2.5
Sarasota,01/10,37,PM2.5
Sarasota,01/11,49,PM2.5
Sarasota,01/12,40,PM2.5
Sarasota,01/13,47,PM2.5
Sarasota,01/14,41,PM2.5
Sarasota,01/21,56,PM2.5
Sarasota,01/22,55,PM2.5
Sarasota,01/23,45,PM2.5
Sarasota,01/28,46,PM2.5
Sarasota,01/30,48,PM2.5
Sarasota,01/31,47,PM2.5
Sarasota,02/06,49,PM2.5
Sarasota,02/07,52,PM2.5
Sarasota,02/12,36,PM2.5
Sarasota,02/13,56,PM2.5
Sarasota,02/14,48,PM2.5
Sarasota,02/19,31,PM2.5
Sarasota,02/20,30,PM2.5
Sarasota,02/25,44,PM2.5
Sarasota,03/04,38,PM2.5
Sarasota,03/05,38,PM2.5
Sarasota,03/25,46,PM2.5
Sarasota,03/26,52,PM2.5
Sarasota,03/27,55,PM2.5
Sarasota,03/31,36,PM2.5
Sarasota,04/05,47,PM2.5
Sarasota,04/09,37,PM2.5
Sarasota,04/10,54,PM2.5
Sarasota,04/11,46,PM2.5
Sarasota,04/12,67,PM2.5
Sarasota,04/13,71,PM2.5
Sarasota,04/14,69,PM2.5
Sarasota,04/15,66,PM2.5
Sarasota,04/16,41,PM2.5
Sarasota,04/18,36,PM2.5
Sarasota,04/19,42,PM2.5
Sarasota,04/20,51,PM2.5
Sarasota,04/23,46,PM2.5
Sarasota,04/25,41,PM2.5
Sarasota,04/26,54,PM2.5
Sarasota,05/21,56,PM2.5
Sarasota,05/23,32,PM2.5
Sarasota,05/27,58,PM2.5
Sarasota,05/28,49,PM2.5
Sarasota,05/29,29,PM2.5
Sarasota,06/05,24,PM2.5
Sarasota,06/06,27,PM2.5
Sarasota,06/07,42,PM2.5
Sarasota,06/08,45,PM2.5
Sarasota,06/09,38,PM2.5
Sarasota,06/24,26,PM2.5
Sarasota,06/25,41,PM2.5
Sarasota,06/26,46,PM2.5
Sarasota,06/27,47,PM2.5
Sarasota,06/28,56,PM2.5
Sarasota,06/29,60,PM2.5
Sarasota,06/30,55,PM2.5
Sarasota,07/01,47,PM2.5
Sarasota,07/02,52,PM2.5
Sarasota,07/03,58,PM2.5
Seminole,01/01,43,PM2.5
Seminole,01/03,29,PM2.5
Seminole,01/11,39,PM2.5
Seminole,01/12,40,PM2.5
Seminole,01/13,37,PM2.5
Seminole,01/22,44,PM2.5
Seminole,01/23,43,PM2.5
Seminole,01/31,42,PM2.5
Seminole,02/01,33,PM2.5
Seminole,02/05,42,PM2.5
Seminole,02/06,40,PM2.5
Seminole,02/12,37,PM2.5
Seminole,02/13,59,PM2.5
Seminole,02/14,39,PM2.5
Seminole,02/19,29,PM2.5
Seminole,02/20,38,PM2.5
Seminole,02/28,67,PM2.5
Seminole,03/04,56,PM2.5
Seminole,03/05,38,PM2.5
Seminole,03/18,24,PM2.5
Seminole,03/25,32,PM2.5
Seminole,03/26,52,PM2.5
Seminole,03/27,51,PM2.5
Seminole,03/31,40,PM2.5
Seminole,04/05,53,PM2.5
Seminole,04/09,44,PM2.5
Seminole,04/10,47,PM2.5
Seminole,04/12,48,PM2.5
Seminole,04/13,65,PM2.5
Seminole,04/14,65,PM2.5
Seminole,04/15,63,PM2.5
Seminole,04/19,42,PM2.5
Seminole,04/25,41,PM2.5
Seminole,04/26,49,PM2.5
Seminole,05/24,29,PM2.5
Seminole,05/28,39,PM2.5
Seminole,06/06,25,PM2.5
Seminole,06/07,29,PM2.5
Seminole,06/08,32,PM2.5
Seminole,06/10,30,PM2.5
Seminole,06/26,44,PM2.5
Seminole,06/27,56,PM2.5
Seminole,06/28,53,PM2.5
Seminole,06/29,53,PM2.5
Seminole,06/30,33,PM2.5
Seminole,07/01,35,PM2.5
Seminole,07/02,51,PM2.5
Volusia,01/01,40,PM2.5
Volusia,01/03,31,PM2.5
Volusia,01/10,50,PM2.5
Volusia,01/11,54,PM2.5
Volusia,01/12,54,PM2.5
Volusia,01/13,47,PM2.5
Volusia,01/14,45,PM2.5
Volusia,01/16,35,PM2.5
Volusia,01/17,42,PM2.5
Volusia,01/19,35,PM2.5
Volusia,01/21,39,PM2.5
Volusia,01/22,47,PM2.5
Volusia,01/23,56,PM2.5
Volusia,01/24,49,PM2.5
Volusia,01/25,50,PM2.5
Volusia,01/26,48,PM2.5
Volusia,01/27,41,PM2.5
Volusia,01/30,50,PM2.5
Volusia,01/31,47,PM2.5
Volusia,02/01,40,PM2.5
Volusia,02/05,41,PM2.5
Volusia,02/06,43,PM2.5
Volusia,02/11,34,PM2.5
Volusia,02/12,35,PM2.5
Volusia,02/13,64,PM2.5
Volusia,02/14,43,PM2.5
Volusia,02/16,40,PM2.5
Volusia,02/17,38,PM2.5
Volusia,02/18,36,PM2.5
Volusia,02/19,35,PM2.5
Volusia,02/20,55,PM2.5
Volusia,03/04,59,PM2.5
Volusia,03/05,44,PM2.5
Volusia,03/10,43,PM2.5
Volusia,03/22,33,PM2.5
Volusia,03/25,35,PM2.5
Volusia,03/26,48,PM2.5
Volusia,03/27,50,PM2.5
Volusia,03/28,48,PM2.5
Volusia,03/30,45,PM2.5
Volusia,03/31,45,PM2.5
Volusia,04/08,32,PM2.5
Volusia,04/09,48,PM2.5
Volusia,04/12,53,PM2.5
Volusia,04/13,66,PM2.5
Volusia,04/14,66,PM2.5
Volusia,04/15,59,PM2.5
Volusia,04/19,41,PM2.5
Volusia,04/26,51,PM2.5
Volusia,05/15,41,PM2.5
Volusia,05/16,39,PM2.5
Volusia,05/17,39,PM2.5
Volusia,05/23,35,PM2.5
Volusia,05/24,29,PM2.5
Volusia,05/25,33,PM2.5
Volusia,06/06,25,PM2.5
Volusia,06/07,34,PM2.5
Volusia,06/08,32,PM2.5
Volusia,06/09,39,PM2.5
Volusia,06/10,36,PM2.5
Volusia,06/24,35,PM2.5
Volusia,06/25,49,PM2.5
Volusia,06/26,56,PM2.5
Volusia,06/27,48,PM2.5
Volusia,06/28,60,PM2.5
Volusia,06/29,53,PM2.5
Volusia,06/30,45,PM2.5
Volusia,07/01,45,PM2.5
Volusia,07/02,48,PM2.5
Volusia,07/03,45,PM2.5
Wakulla,01/01,34,PM2.5
Wakulla,01/03,31,PM2.5
Wakulla,01/10,48,PM2.5
Wakulla,01/11,51,PM2.5
Wakulla,01/12,35,PM2.5
Wakulla,01/21,40,PM2.5
Wakulla,01/22,51,PM2.5
Wakulla,01/23,57,PM2.5
Wakulla,01/24,37,PM2.5
Wakulla,01/29,35,PM2.5
Wakulla,02/06,34,PM2.5
Wakulla,02/13,28,PM2.5
Wakulla,02/17,25,PM2.5
Wakulla,02/18,33,PM2.5
Wakulla,02/19,21,PM2.5
Wakulla,02/27,41,PM2.5
Wakulla,03/04,47,PM2.5
Wakulla,03/05,38,PM2.5
Wakulla,03/13,15,PM2.5
Wakulla,03/17,46,PM2.5
Wakulla,03/18,44,PM2.5
Wakulla,03/20,45,PM2.5
Wakulla,03/21,34,PM2.5
Wakulla,03/22,37,PM2.5
Wakulla,03/23,33,PM2.5
Wakulla,03/24,28,PM2.5
Wakulla,03/25,52,PM2.5
Wakulla,03/26,58,PM2.5
Wakulla,03/27,43,PM2.5
Wakulla,03/28,46,PM2.5
Wakulla,03/29,42,PM2.5
Wakulla,03/30,58,PM2.5
Wakulla,04/03,62,PM2.5
Wakulla,04/04,76,PM2.5
Wakulla,04/05,60,PM2.5
Wakulla,04/08,39,PM2.5
Wakulla,04/09,59,PM2.5
Wakulla,04/12,63,PM2.5
Wakulla,04/13,62,PM2.5
Wakulla,04/14,46,PM2.5
Wakulla,04/16,36,PM2.5
Wakulla,04/18,39,PM2.5
Wakulla,04/19,38,PM2.5
Wakulla,04/25,44,PM2.5
Wakulla,04/27,57,PM2.5
Wakulla,05/16,34,PM2.5
Wakulla,05/17,32,PM2.5
Wakulla,05/23,36,PM2.5
Wakulla,05/24,35,PM2.5
Wakulla,05/26,23,PM2.5
Wakulla,05/27,26,PM2.5
Wakulla,05/29,35,PM2.5
Wakulla,05/30,30,PM2.5
Wakulla,05/31,39,PM2.5
Wakulla,06/01,41,PM2.5
Wakulla,06/05,22,PM2.5
Wakulla,06/07,30,PM2.5
Wakulla,06/08,54,PM2.5
Wakulla,06/09,33,PM2.5
Wakulla,06/10,37,PM2.5
Wakulla,06/11,45,PM2.5
Wakulla,06/12,28,PM2.5
Wakulla,06/14,18,PM2.5
Wakulla,06/19,53,PM2.5
Wakulla,06/20,50,PM2.5
Wakulla,06/22,44,PM2.5
Wakulla,06/23,30,PM2.5
Wakulla,06/24,50,PM2.5
Wakulla,06/25,91,PM2.5
Wakulla,06/26,161,PM2.5
Wakulla,06/27,154,PM2.5
Wakulla,06/28,82,PM2.5
Wakulla,06/29,60,PM2.5
Wakulla,06/30,58,PM2.5
Wakulla,07/01,54,PM2.5
Wakulla,07/02,64,PM2.5
Wakulla,07/03,58,PM2.5
